

INSERT INTO PRONTUARIO.CLINICA.MEDICAMENTO
--(CODIGO, NOME, DTFABRICACAO, TIPO, QUANTIDADE)
VALUES

 (	1	, '	CEFALOTINA SÓDICA',							'12/27/2020',	'COMPRIMIDO',	10	)
,(	2	, '	CEFAZOLINA SÓDICA',							'12/28/2020',	'CAPSULAS',		20	)
,(	3	, '	CEFOTAXIMA SÓDICA',							'12/29/2020',	'COMPRIMIDO',	30	)
,(	4	, '	CLORIDRATO DE CIPROFLOXACINO',				'12/30/2020',	'CAPSULAS',		10	)
,(	5	, '	PARACETAMOL',								'12/31/2020',	'COMPRIMIDO',	20	)
,(	6	, '	DIPIRONA',									'01/01/2021',	'COMPRIMIDO',	30	)
,(	7	, '	CEFALEXINA',								'01/02/2021',	'COMPRIMIDO',	10	)
,(	8	, '	CEFTAZIDIMA',								'01/03/2021',	'CAPSULAS',		10	)
,(	9	, '	CEFUROXIMA SÓDICA',							'01/04/2021',	'COMPRIMIDO',	20	)
,(	10	, '	CEFTRIAXONA SÓDICA',						'01/05/2021',	'CAPSULAS',		30	)
,(	11	, '	CLORIDRATO DE CEFEPIMA',					'01/06/2021',	'COMPRIMIDO',	10	)
,(	12	, '	CLORIDRATO DE CEFEPIMA',					'01/07/2021',	'CAPSULAS',		10	)
,(	13	, '	CLORIDRATO DE METFORMINA',					'01/08/2021',	'COMPRIMIDO',	20	)
,(	14	, '	CLORIDRATO DE METFORMINA',					'01/09/2021',	'CAPSULAS',		10	)
,(	15	, '	OXACILINA SÓDICA',							'01/10/2021',	'COMPRIMIDO',	20	)
,(	16	, '	BROMIDRATO DE CITALOPRAM',					'01/11/2021',	'CAPSULAS',		30	)
,(	17	, '	AMPICILINA SÓDICA + SULBACTAM SÓDICO',		'01/12/2021',	'COMPRIMIDO',	10	)
,(	18	, '	AMPICILINA SÓDICA + SULBACTAM SÓDICO',		'01/13/2021',	'CAPSULAS',		20	)
,(	19	, '	PIPERACILINA SÓDICA + TAZOBACTAM SÓDICO',	'01/14/2021',	'COMPRIMIDO',	30	)

GO




INSERT INTO PRONTUARIO.CLINICA.MEDICO
VALUES

 (	1	, 'PAULO HENRIQUE VIEIRA',	'02/23/1986')
,(	2	, 'ALESSANDRA BARCELOS',	'02/24/1986')
,(	3	, 'JOAO VICTOR LIMA',		'02/25/1986')
,(	4	, 'CHICO BUARQUE HOLANDA',	'02/26/1986')

GO




INSERT INTO PRONTUARIO.CLINICA.PACIENTE
VALUES

 (	1	, 'JORDÃO MORENO',				'08/27/2002')
,(	2	, 'NUNO FARINHA',				'08/28/2002')
,(	3	, 'GONÇALO CUNHA',				'08/29/2002')
,(	4	, 'PAULA BENTO',				'08/30/2002')
,(	5	, 'VICTOR FREITAS',				'08/31/2002')
,(	6	, 'CARLOS GRILO',				'09/01/2002')
,(	7	, 'PEDRO CHAVES FERREIRA',		'09/02/2002')
,(	8	, 'LUÍS ALVERCA',				'09/03/2002')
,(	9	, 'JULIA FARIA LIMA',			'09/04/2002')
,(	10	, 'EDUARDO GOMES TREIN',		'09/05/2002')
,(	11	, 'JOAO MARCELO VITAL',			'09/06/2002')
,(	12	, 'JULIA MAGALHAES VIEIRA',		'09/07/2002')
,(	13	, 'CELIO MARCELO RODRIGUES',	'09/08/2002')
,(	14	, 'MARCELO MALDONATO MARTINS',	'09/09/2002')

GO




INSERT INTO PRONTUARIO.CLINICA.CONSULTA
(CODIGO, DTCONSULTA, CODPACIENTE, CODMEDICO, SALA)
VALUES

 (	1	, '03/03/2021', 	6	, 	1	, '	SALA 1	')
,(	2	, '03/03/2021', 	7	, 	2	, '	SALA 1	')
,(	3	, '03/05/2021', 	8	, 	4	, '	SALA 2	')
,(	4	, '03/06/2021', 	13	, 	4	, '	SALA 5	')
,(	5	, '03/06/2021', 	10	, 	3	, '	SALA 1	')
,(	6	, '03/06/2021', 	11	, 	4	, '	SALA 2	')
,(	7	, '03/06/2021', 	12	, 	2	, '	SALA 4	')
,(	8	, '03/10/2021', 	6	, 	1	, '	SALA 1	')
,(	9	, '03/10/2021', 	14	, 	3	, '	SALA 3	')
,(	10	, '03/12/2021', 	7	, 	2	, '	SALA 5	')
,(	11	, '03/13/2021', 	9	, 	2	, '	SALA 2	')
,(	12	, '03/13/2021', 	10	, 	3	, '	SALA 1	')
,(	13	, '03/13/2021', 	3	, 	2	, '	SALA 4	')
,(	14	, '03/16/2021', 	6	, 	1	, '	SALA 2	')
GO



/*
INSERT INTO PRONTUARIO.CLINICA.CONSULTA
(CODIGO, DTCONSULTA, CODPACIENTE, CODMEDICO, SALA)
VALUES

 (	15	, '04/03/2021', 	6	, 	1	, '	SALA 1	')
,(	16	, '05/03/2021', 	7	, 	2	, '	SALA 1	')
,(	17	, '06/05/2021', 	8	, 	4	, '	SALA 2	')
,(	18	, '07/06/2021', 	13	, 	4	, '	SALA 5	')
,(	19	, '08/06/2021', 	10	, 	3	, '	SALA 1	')
,(	20	, '09/06/2021', 	11	, 	4	, '	SALA 2	')
,(	21	, '10/06/2021', 	12	, 	2	, '	SALA 4	')
,(	22	, '11/10/2021', 	6	, 	1	, '	SALA 1	')
,(	23	, '12/10/2021', 	14	, 	3	, '	SALA 3	')
,(	24	, '01/12/2021', 	7	, 	2	, '	SALA 5	')
,(	25	, '02/13/2021', 	9	, 	2	, '	SALA 2	')
,(	26	, '04/13/2021', 	10	, 	3	, '	SALA 1	')
,(	27	, '05/13/2021', 	3	, 	2	, '	SALA 4	')
,(	28	, '06/16/2021', 	6	, 	1	, '	SALA 2	')
GO
*/



INSERT INTO PRONTUARIO.CLINICA.POSOLOGIA
VALUES

 (	1	, 	5	, 'PARACETAMOL COMPRIMIDO 2x AO DIA EM CASO DE DOR + CEFALEXINA 1x AO DIA POR 7 DIAS')
,(	2	, 	11	, 'CLORIDRATO DE CEFEPIMA 1x AO DIA, ANTES DO CAFÉ DA MANHÃ')
,(	4	, 	15	, 'OXACILINA SÓDICA 12h/12h POR 10 DIAS')
,(	5	, 	18	, 'AMPICILINA SÓDICA + SULBACTAM SÓDICO 8h/8h POR 10 DIAS')
,(	6	, 	9	, 'CEFUROXIMA SÓDICA 1x AO DIA POR 5 DIAS')
,(	8	, 	5	, 'PARACETAMOL COMPRIMIDO 2X AO DIA EM CASO DE DOR + CEFALEXINA 1x AO DIA POR 7 DIAS')
,(	11	, 	13	, 'CLORIDRATO DE METFORMINA 6h/6h POR 10 DIAS')
,(	14	, 	6	, 'DIPIRONA 8h/8h POR 7 DIAS')

GO









