


USE MASTER
DROP DATABASE IF EXISTS SIS_VENDA
GO

CREATE DATABASE SIS_VENDA
GO

USE SIS_VENDA
GO


CREATE TABLE ORDER_DATA
(
	 --ORDERID INT NOT NULL IDENTITY(1,1)
	 ORDERID INT NOT NULL
	,ORDERDATE VARCHAR(12)
	,CUSTOMERID INT
	,AMOUNT NUMERIC(6,2) NOT NULL
	,CONSTRAINT PK_ORDERID PRIMARY KEY (ORDERID)
)
GO


CREATE TABLE LINEITEM
(
	 --ORDERLINE INT NOT NULL IDENTITY(1,1)
	 ORDERLINE INT NOT NULL
	,ORDERID INT NOT NULL
	,PRODUCTID INT NOT NULL
	,QUANTITY NUMERIC(4,0) NOT NULL
	,CONSTRAINT PK_ORDERLINE PRIMARY KEY (ORDERLINE)
)
GO


CREATE TABLE CUSTOMER
(
	 --CUSTOMERID INT NOT NULL IDENTITY(1,1)
	 CUSTOMERID INT NOT NULL
	,[NAME] VARCHAR(255)
	,CONSTRAINT PK_CUSTOMERID PRIMARY KEY (CUSTOMERID)
)
GO


CREATE TABLE PRODUCT
(
	 --PRODUCTID INT NOT NULL IDENTITY(1,1)
	 PRODUCTID INT NOT NULL
	,CODE VARCHAR(5)
	,[NAME] VARCHAR(100)
	,UNITPRICE NUMERIC(6,2) NOT NULL
	,CONSTRAINT PK_PRODUCTID PRIMARY KEY (PRODUCTID)
)
GO


CREATE TABLE CONTACT
(
	 CONTACTID VARCHAR(30) NOT NULL
	,CUSTOMERID INT NOT NULL
	,[ADDRESS] VARCHAR(150)
	,CITY VARCHAR(50)
	,PHONE VARCHAR(20)
	,CONSTRAINT PK_CONTACTID PRIMARY KEY (CONTACTID)
)
GO


CREATE TABLE CUSTOMERID
(
	 --CUSTOMERID INT NOT NULL IDENTITY(1,1)
	 CUSTOMERID INT NOT NULL
	,DRV_LIC_NO INT NOT NULL
	,CONSTRAINT PK_CUSTOMERID2 PRIMARY KEY (CUSTOMERID)
)
GO


ALTER TABLE ORDER_DATA	
	ADD 
		CONSTRAINT FK_CUSTOMERID
		FOREIGN KEY (CUSTOMERID)
		REFERENCES CUSTOMER (CUSTOMERID)
GO


ALTER TABLE LINEITEM
	ADD
		CONSTRAINT FK_ORDERID
		FOREIGN KEY (ORDERID)
		REFERENCES ORDER_DATA (ORDERID)
	,	
		CONSTRAINT FK_PRODUCTID
		FOREIGN KEY (PRODUCTID)
		REFERENCES PRODUCT (PRODUCTID)
GO


ALTER TABLE CONTACT
	ADD
		CONSTRAINT FK_CUSTOMERID2
		FOREIGN KEY (CUSTOMERID)
		REFERENCES CUSTOMER (CUSTOMERID)
GO





INSERT INTO PRODUCT VALUES(10,'AB123','Leather Sofa',1000)
INSERT INTO PRODUCT VALUES(20,'AB456','Baby Chair',200.25)
INSERT INTO PRODUCT VALUES(30,'AB789','Sport Shoes',250.60)
INSERT INTO PRODUCT VALUES(40,'PQ123','Sony Digital Camera',399)
INSERT INTO PRODUCT VALUES(50,'PQ456','Hitachi HandyCam',1050)
INSERT INTO PRODUCT VALUES(60,'PQ789','GM Saturn',2250.99)
INSERT INTO CUSTOMERID VALUES(101,10101010)
INSERT INTO CUSTOMERID VALUES(102,20202020)
INSERT INTO CUSTOMER VALUES(101,'RICKY')
INSERT INTO CUSTOMER VALUES(102,'JOHN')
INSERT INTO CUSTOMER VALUES(103,'TONY')
INSERT INTO CUSTOMER VALUES(104,'BOB')
INSERT INTO CUSTOMER VALUES(105,'WILLIUM')
INSERT INTO CUSTOMER VALUES(106,'Mihir')
INSERT INTO CUSTOMER VALUES(107,'Kevin')
INSERT INTO CUSTOMER VALUES(108,'Sam')
INSERT INTO ORDER_DATA VALUES(51,'2/3/2005',101,3250.25)
INSERT INTO ORDER_DATA VALUES(52,'3/4/2005',101,2751.2)
INSERT INTO ORDER_DATA VALUES(53,'4/5/2005',101,2250.99)
INSERT INTO ORDER_DATA VALUES(54,'3/3/2005',101,2499)
INSERT INTO ORDER_DATA VALUES(55,'4/4/2005',102,2952.05)
INSERT INTO ORDER_DATA VALUES(56,'5/5/2005',102,2851.74)
INSERT INTO ORDER_DATA VALUES(57,'3/4/2005',103,5848)
INSERT INTO ORDER_DATA VALUES(58,'4/5/2005',103,1853.75)
INSERT INTO ORDER_DATA VALUES(59,'5/6/2005',103,6198.99)
INSERT INTO LINEITEM VALUES(1,51,10,2)
INSERT INTO LINEITEM VALUES(2,51,20,1)
INSERT INTO LINEITEM VALUES(3,51,50,1)
INSERT INTO LINEITEM VALUES(4,52,30,2)
INSERT INTO LINEITEM VALUES(5,52,40,1)
INSERT INTO LINEITEM VALUES(6,52,20,4)
INSERT INTO LINEITEM VALUES(7,52,50,1)
INSERT INTO LINEITEM VALUES(8,53,60,1)
INSERT INTO LINEITEM VALUES(9,54,40,1)
INSERT INTO LINEITEM VALUES(10,54,50,2)
INSERT INTO LINEITEM VALUES(11,55,20,1)
INSERT INTO LINEITEM VALUES(12,55,30,3)
INSERT INTO LINEITEM VALUES(13,55,10,2)
INSERT INTO LINEITEM VALUES(14,55,50,1)
INSERT INTO LINEITEM VALUES(15,56,60,1)
INSERT INTO LINEITEM VALUES(16,56,20,3)
INSERT INTO LINEITEM VALUES(17,57,10,4)
INSERT INTO LINEITEM VALUES(18,57,40,2)
INSERT INTO LINEITEM VALUES(19,57,50,1)
INSERT INTO LINEITEM VALUES(20,58,30,5)
INSERT INTO LINEITEM VALUES(21,58,20,3)
INSERT INTO LINEITEM VALUES(22,59,60,1)
INSERT INTO LINEITEM VALUES(23,59,40,2)
INSERT INTO LINEITEM VALUES(24,59,50,3)
INSERT INTO CONTACT VALUES('homeAddress',101,'ABC Street','Edison','416-392-2932')
INSERT INTO CONTACT VALUES('officeAddress',101,'XYZ Street','New Jersey','416-221-1922')







